1;Escape the Ordinary: Camp Tent;3;S,M,L,XL,XXL;Premium 24s Reactive;Hitam;kaos
2;Escape the Ordinary: Twin Mountains;3;S,M,L,XL,XXL;Premium 24s Reactive;Hitam;kaos
3;The Sunrise Calling;3;S,M,L,XL,XXL;Premium 24s Reactive;Hitam;kaos
4;Lighthouse Tentacle;3;S,M,L,XL,XXL;Premium 24s Reactive;Hitam;kaos
5;Escape the Ordinary: Pine Trees;3;S,M,L,XL,XXL;Premium 24s Reactive;Putih;kaos
7;Escape the Ordinary: Deer Symmetrical;3;S,M,L,XL,XXL;Premium 24s Reactive;Hitam;kaos
8;Escape the Ordinary: Watermelon;3;S,M,L,XL,XXL;Premium 24s Reactive;Hitam;kaos
9;Simmer Down: Camping Cat;3;S,M,L,XL,XXL;Premium 24s Reactive;Putih;kaos
10;Holy Pigeon;3;S,M,L,XL,XXL;Premium 24s Reactive;Hitam;kaos
11;Leontopodium Alpinum;3;S,M,L,XL,XXL;Premium 24s Reactive;Putih;kaos
12;Eminem;3;S,M,L,XL,XXL;Premium 24s Reactive;Hitam;kaos
13;The Death of Going Merry;3;S,M,L,XL,XXL;Premium 24s Reactive;Hitam;kaos
14;Good Vibes Only;4;S,M,L,XL,XXL;Premium 24s Reactive;Putih;kaos
15;Iron Mike Tyson;3;S,M,L,XL,XXL;Premium 24s Reactive;Hitam;kaos
16;Onigashima;3;S,M,L,XL,XXL;Premium 24s Reactive;Hitam;kaos
17;One Piece Luffy, Sanji, Zoro;3;S,M,L,XL,XXL;Premium 24s Reactive;Hitam;kaos
18;Californication;3;S,M,L,XL,XXL;Premium 24s Reactive;Hitam;kaos
19;One Piece Thousand Sunny;3;S,M,L,XL,XXL;Premium 24s Reactive;Hitam,Merah,Putih;kaos
20;Dirgahayu Indonesia;3;S,M,L,XL,XXL;Premium 24s Reactive;Hitam;kaos
21;One Piece Buggy;3;S,M,L,XL,XXL;Premium 24s Reactive;Hitam,Merah,Putih;kaos
22;One Piece Gol D Roger;3;S,M,L,XL,XXL;Premium 24s Reactive;Hitam,Merah,Putih;kaos
23;One Piece Kaido;3;S,M,L,XL,XXL;Premium 24s Reactive;Hitam,Merah,Putih;kaos
24;One Piece Kidd;3;S,M,L,XL,XXL;Premium 24s Reactive;Hitam,Merah,Putih;kaos
25;One Piece Law;3;S,M,L,XL,XXL;Premium 24s Reactive;Hitam,Merah,Putih;kaos
26;One Piece Marshall D Teach;3;S,M,L,XL,XXL;Premium 24s Reactive;Hitam,Merah,Putih;kaos
27;One Piece Oyaji;3;S,M,L,XL,XXL;Premium 24s Reactive;Hitam,Merah,Putih;kaos
28;One Piece Shanks;3;S,M,L,XL,XXL;Premium 24s Reactive;Hitam,Merah,Putih;kaos
